First Name,Last Name,Department,Title,City,State,Office,EmployeeID
Ana,Duran,Accounting,Analyst,Seattle,WA,MVA,4242
Chad,Lawhorn,Finance,Senior Analyst,New York,NY,MVA,4243
Cole,Catlett,HR,Manager,Los Angeles,CA,MVA,4244
Darren,McCormick,Marketing,Analyst,Atlanta,GA,MVA,4245
Denise,Norris,Research,Senior Analyst,Seattle,WA,MVA,4246
Dwight,Ahmad,Sales,Manager,New York,NY,MVA,4247
Eric,Langer,Accounting,Analyst,Los Angeles,CA,MVA,4248
Harry,Everson,Finance,Senior Analyst,Atlanta,GA,MVA,4249
Hiram,Cornejo,HR,Manager,Seattle,WA,MVA,4250
Irene,Strickland,Marketing,Analyst,New York,NY,MVA,4251
Janine,Leblanc,Research,Senior Analyst,Los Angeles,CA,MVA,4252
Mason,Novotny,Sales,Manager,Atlanta,GA,MVA,4253
Millie,Bray,Accounting,Analyst,Seattle,WA,MVA,4254
Ofelia,Riddle,Finance,Senior Analyst,New York,NY,MVA,4255
Patricia,Thomas,HR,Manager,Los Angeles,CA,MVA,4256
Rhonda,Ballard,Marketing,Analyst,Atlanta,GA,MVA,4257
Ross,Heinrich,Research,Senior Analyst,Seattle,WA,MVA,4258
Sharlene,England,Sales,Manager,New York,NY,MVA,4259
Tania,Witt,Accounting,Analyst,Los Angeles,CA,MVA,4260
Toby,Wickham,Finance,Senior Analyst,Atlanta,GA,MVA,4261
Ashish,Jogi,Accounting,Manager,Atlanta,GA,MVA,4262
Mayur,Jogi,Finance,Analyst,Seattle,WA,MVA,4263
Eric,Melillo,HR,Senior Analyst,New York,NY,MVA,4264
Pandurang,Mate,Marketing,Manager,Los Angeles,CA,MVA,4265
Ravindra,Mate,Research,Analyst,Atlanta,GA,MVA,4266
Samir,Tajne,Sales,Senior Analyst,Seattle,WA,MVA,4267
Shyam,Kurumkar,Accounting,Manager,New York,NY,MVA,4268
Blesson,Simon,Finance,Analyst,Los Angeles,CA,MVA,4269
Swapnil,Parkhi,HR,Senior Analyst,Atlanta,GA,MVA,4270
Rajesh,Kamath,Marketing,Manager,Seattle,WA,MVA,4271
Vikram,Sathaye,Research,Analyst,New York,NY,MVA,4272
Vivek,Jain,Sales,Senior Analyst,Los Angeles,CA,MVA,4273
Santosh,Koli,Accounting,Manager,Atlanta,GA,MVA,4274
Rocky,Shrivastava,Finance,Analyst,Seattle,WA,MVA,4275
Madhulika,Chaurasia,Finance,Senior Analyst,New York,NY,MVA,4276
